{"noise_levels": [0.001, 0.005, 0.01, 0.015, 0.02, 0.025, 0.03, 0.035, 0.04, 0.045, 0.05], "solvers": {"Simulated Annealing": {"accuracy": [1.0, 0.8214285714285714, 0.7857142857142857, 0.8112244897959183, 0.7704081632653061, 0.8010204081632653, 0.8112244897959183, 0.7908163265306123, 0.7755102040816326, 0.8112244897959183, 0.7551020408163265], "runtime": [0.4902989864349365, 0.4950559139251709, 0.4694995880126953, 0.5478942394256592, 0.4615664482116699, 0.4995698928833008, 0.4936850070953369, 0.48966479301452637, 0.4626467227935791, 0.4626433849334717, 0.47415971755981445]}, "Hybrid Solver": {"accuracy": [1.0, 0.9081632653061225, 0.8673469387755102, 0.8214285714285714, 0.8112244897959183, 0.7602040816326531, 0.8112244897959183, 0.7959183673469388, 0.8010204081632653, 0.7959183673469388, 0.7806122448979592], "runtime": [11.185181140899658, 9.565126419067383, 9.734524965286255, 10.223132848739624, 10.591209411621094, 65.75008034706116, 12.574194192886353, 11.56064224243164, 9.801086902618408, 9.651978731155396, 9.603064060211182]}, "Quantum Annealing": {"accuracy": [0.9744897959183674, 0.8316326530612245, 0.8367346938775511, 0.826530612244898, 0.7602040816326531, 0.7448979591836735, 0.7908163265306123, 0.7653061224489796, 0.7602040816326531, 0.7602040816326531, 0.8214285714285714], "runtime": [10.84709358215332, 6.550270318984985, 5.667295455932617, 7.60883903503418, 8.778262376785278, 8.991784811019897, 9.530378103256226, 5.797193288803101, 8.835322141647339, 6.43585991859436, 6.581148386001587]}}}