{"noise_levels": [0.001, 0.005, 0.01, 0.02, 0.03, 0.04, 0.05, 0.06, 0.07, 0.08, 0.09, 0.1, 0.11, 0.12, 0.13, 0.14, 0.15, 0.16, 0.17, 0.18, 0.19, 0.2], "solvers": {"Simulated Annealing": {"accuracy": [1.0, 0.74, 0.67, 0.68, 0.76, 0.72, 0.71, 0.68, 0.72, 0.73, 0.76, 0.7, 0.72, 0.69, 0.76, 0.74, 0.66, 0.7, 0.77, 0.75, 0.76, 0.69], "runtime": [0.2986915111541748, 0.39701056480407715, 0.333437442779541, 0.4191770553588867, 0.3340113162994385, 0.327075719833374, 0.31037068367004395, 0.281111478805542, 0.2737548351287842, 0.2771472930908203, 0.27585792541503906, 0.2746608257293701, 0.2743959426879883, 0.27496886253356934, 0.5335104465484619, 0.3258955478668213, 0.29464125633239746, 0.28620171546936035, 0.27453064918518066, 0.29871082305908203, 0.3831665515899658, 0.2708268165588379]}, "Hybrid Solver": {"accuracy": [1.0, 0.8, 0.74, 0.79, 0.74, 0.77, 0.73, 0.75, 0.71, 0.74, 0.69, 0.75, 0.66, 0.75, 0.74, 0.72, 0.76, 0.76, 0.7, 0.68, 0.68, 0.69], "runtime": [17.719433307647705, 16.754856824874878, 17.417917728424072, 16.896776914596558, 16.429532766342163, 16.558226585388184, 16.500973224639893, 17.50783133506775, 16.562304258346558, 18.374125003814697, 65.95472502708435, 17.432008266448975, 15.779641389846802, 17.502408742904663, 16.19487977027893, 18.130472660064697, 16.602121353149414, 16.34305715560913, 15.937742233276367, 15.825846672058105, 19.640727281570435, 16.447936296463013]}, "Quantum Annealing": {"accuracy": [1.0, 0.81, 0.76, 0.68, 0.77, 0.68, 0.69, 0.68, 0.76, 0.63, 0.8, 0.7, 0.66, 0.67, 0.7, 0.64, 0.74, 0.69, 0.7, 0.7, 0.71, 0.67], "runtime": [10.129769325256348, 8.25847840309143, 8.37513518333435, 8.282229661941528, 9.186578750610352, 9.23351263999939, 8.934628009796143, 13.216491460800171, 8.068955898284912, 9.93540620803833, 8.37485957145691, 9.839834451675415, 7.70606803894043, 8.664776802062988, 8.709991455078125, 8.576595306396484, 7.948858976364136, 7.993892431259155, 8.153193235397339, 8.19151496887207, 16.081785678863525, 8.476526260375977]}}}