{"noise_levels": [0.001, 0.005, 0.01, 0.015, 0.02, 0.025, 0.03, 0.035, 0.04, 0.045, 0.05, 0.055, 0.06, 0.07, 0.075, 0.08, 0.085, 0.09, 0.095, 0.1], "solvers": {"Simulated Annealing": {"accuracy": [1.0, 0.8673469387755102, 0.7908163265306123, 0.826530612244898, 0.7653061224489796, 0.7755102040816326, 0.7704081632653061, 0.7653061224489796, 0.7755102040816326, 0.7857142857142857, 0.7602040816326531, 0.7959183673469388, 0.8112244897959183, 0.7806122448979592, 0.7857142857142857, 0.7857142857142857, 0.7653061224489796, 0.8061224489795918, 0.7704081632653061, 0.7959183673469388], "runtime": [0.5143799781799316, 0.45900750160217285, 0.4980907440185547, 0.45815014839172363, 0.45282673835754395, 0.4541449546813965, 0.527015209197998, 0.4839444160461426, 0.45717859268188477, 0.46488213539123535, 0.47411489486694336, 0.46141934394836426, 0.4659867286682129, 0.45522093772888184, 0.45252513885498047, 0.5302267074584961, 0.4713101387023926, 0.5261619091033936, 0.45748209953308105, 0.5007264614105225]}, "Hybrid Solver": {"accuracy": [1.0, 0.9030612244897959, 0.8316326530612245, 0.8061224489795918, 0.7908163265306123, 0.8010204081632653, 0.8163265306122449, 0.826530612244898, 0.7959183673469388, 0.8112244897959183, 0.7908163265306123, 0.7857142857142857, 0.7908163265306123, 0.7857142857142857, 0.826530612244898, 0.8061224489795918, 0.8316326530612245, 0.8112244897959183, 0.7806122448979592, 0.8061224489795918], "runtime": [10.770196914672852, 9.084744453430176, 9.713195085525513, 9.809438228607178, 12.057497024536133, 11.758632183074951, 9.753519058227539, 9.164390087127686, 9.646377563476562, 9.866800546646118, 9.616128206253052, 9.02835988998413, 9.900915145874023, 9.535434246063232, 9.656370401382446, 9.929728031158447, 9.658967733383179, 9.747074604034424, 10.086183547973633, 9.681387662887573]}, "Quantum Annealing": {"accuracy": [0.9897959183673469, 0.8061224489795918, 0.7704081632653061, 0.7959183673469388, 0.7755102040816326, 0.7602040816326531, 0.7806122448979592, 0.7755102040816326, 0.7806122448979592, 0.7755102040816326, 0.7959183673469388, 0.7551020408163265, 0.7602040816326531, 0.8010204081632653, 0.7653061224489796, 0.7806122448979592, 0.7704081632653061, 0.75, 0.7704081632653061, 0.7602040816326531], "runtime": [14.536804676055908, 11.813505172729492, 6.80908203125, 14.229084253311157, 7.645789384841919, 10.571191310882568, 9.363795757293701, 8.03857421875, 6.248535394668579, 5.707631587982178, 9.020987510681152, 10.749745607376099, 5.4410240650177, 6.384992599487305, 6.333177089691162, 7.240875959396362, 8.067439556121826, 9.087526798248291, 9.425442934036255, 8.741769313812256]}}}