{"noise_levels": [0.001, 0.005, 0.015, 0.02, 0.025, 0.03, 0.035, 0.04, 0.045, 0.05], "solvers": {"Simulated Annealing": {"accuracy": [1.0, 0.7959183673469388, 0.7806122448979592, 0.7806122448979592, 0.7959183673469388, 0.7653061224489796, 0.75, 0.7653061224489796, 0.8010204081632653, 0.8010204081632653], "runtime": [0.5958528518676758, 0.6125657558441162, 0.590447187423706, 0.6116416454315186, 0.594660758972168, 0.8324806690216064, 0.6610772609710693, 0.7550673484802246, 0.7149803638458252, 0.759056568145752]}, "Hybrid Solver": {"accuracy": [1.0, 0.8571428571428571, 0.826530612244898, 0.7806122448979592, 0.8061224489795918, 0.8316326530612245, 0.7908163265306123, 0.8112244897959183, 0.7959183673469388, 0.8112244897959183], "runtime": [16.643872499465942, 18.13170599937439, 16.967570543289185, 17.50204563140869, 16.796246767044067, 16.871862649917603, 17.01876711845398, 16.059343576431274, 17.258784294128418, 16.39877963066101]}, "Quantum Annealing": {"accuracy": [0.9846938775510204, 0.7908163265306123, 0.7857142857142857, 0.7448979591836735, 0.7755102040816326, 0.7653061224489796, 0.7653061224489796, 0.75, 0.7551020408163265, 0.7755102040816326], "runtime": [17.119077920913696, 12.445967674255371, 16.831918478012085, 13.959519386291504, 14.967803716659546, 16.533855199813843, 15.152721166610718, 15.072375297546387, 13.988739967346191, 15.921939134597778]}}}