{"noise_levels": [0.001, 0.002, 0.003, 0.004, 0.005], "solvers": {"Simulated Annealing": {"accuracy": [0.7857142857142857, 0.7959183673469388, 0.7959183673469388, 0.7959183673469388, 0.7908163265306123], "runtime": [0.49782800674438477, 0.47954630851745605, 0.5285093784332275, 0.477691650390625, 0.5305955410003662]}, "Hybrid Solver": {"accuracy": [0.8010204081632653, 0.7959183673469388, 0.7653061224489796, 0.8061224489795918, 0.7959183673469388], "runtime": [9.689210891723633, 9.42162013053894, 8.555057525634766, 9.238720417022705, 9.105600595474243]}, "Quantum Annealing": {"accuracy": [0.7959183673469388, 0.7551020408163265, 0.7704081632653061, 0.7653061224489796, 0.7653061224489796], "runtime": [8.51117467880249, 8.330329179763794, 6.54612135887146, 11.224785089492798, 6.160445213317871]}}}