{"noise_levels": [0.001, 0.01, 0.015, 0.02], "solvers": {"Simulated Annealing": {"accuracy": [0.8425, 0.84, 0.835, 0.85], "runtime": [1.3739402294158936, 1.0848968029022217, 1.1356637477874756, 1.1027638912200928]}, "Hybrid Solver": {"accuracy": [0.8425, 0.855, 0.8775, 0.8525], "runtime": [11.205417394638062, 9.398763418197632, 9.561298131942749, 9.086947917938232]}, "Quantum Annealing": {"accuracy": [0.835, 0.845, 0.835, 0.83], "runtime": [49.77481770515442, 43.683650970458984, 42.73586463928223, 40.3106369972229]}}}