{"noise_levels": [0.01, 0.02, 0.03], "solvers": {"Simulated Annealing": {"accuracy": [0.83, 0.8375, 0.835], "runtime": [1.0834543704986572, 1.156604290008545, 1.2178027629852295]}, "Hybrid Solver": {"accuracy": [0.8475, 0.85, 0.8575], "runtime": [9.932378053665161, 9.448353052139282, 9.045063734054565]}, "Quantum Annealing": {"accuracy": [0.8175, 0.82, 0.8375], "runtime": [39.812167167663574, 59.459900856018066, 45.909590005874634]}}}