{"noise_levels": [0.001, 0.01, 0.015, 0.02, 0.025, 0.03], "solvers": {"Simulated Annealing": {"accuracy": [0.85, 0.845, 0.8275, 0.8375, 0.8125, 0.8325], "runtime": [1.127411127090454, 1.0967676639556885, 1.165250301361084, 1.1267547607421875, 1.0785536766052246, 1.1177542209625244]}, "Hybrid Solver": {"accuracy": [0.8625, 0.845, 0.8375, 0.8375, 0.8525, 0.845], "runtime": [10.433200120925903, 14.648311138153076, 9.572325229644775, 9.486190557479858, 9.644448280334473, 66.58480072021484]}, "Quantum Annealing": {"accuracy": [0.8375, 0.85, 0.83, 0.83, 0.83, 0.8625], "runtime": [60.07017421722412, 33.94513297080994, 73.40749835968018, 32.14172387123108, 28.693830251693726, 35.10721039772034]}}}