{"noise_levels": [0.001, 0.01, 0.015, 0.02, 0.025, 0.03], "solvers": {"Simulated Annealing": {"accuracy": [0.7806122448979592, 0.8010204081632653, 0.8367346938775511, 0.7908163265306123, 0.7806122448979592, 0.7857142857142857], "runtime": [0.4730567932128906, 0.533949613571167, 0.5328807830810547, 0.45954346656799316, 0.526735782623291, 0.4878394603729248]}, "Hybrid Solver": {"accuracy": [0.7806122448979592, 0.7755102040816326, 0.7908163265306123, 0.8010204081632653, 0.7704081632653061, 0.7653061224489796], "runtime": [10.136036157608032, 9.04884934425354, 9.14693284034729, 9.003524780273438, 9.14745283126831, 9.22864031791687]}, "Quantum Annealing": {"accuracy": [0.7551020408163265, 0.8010204081632653, 0.7602040816326531, 0.7704081632653061, 0.7908163265306123, 0.8061224489795918], "runtime": [7.661688327789307, 6.203671455383301, 7.793447494506836, 8.488717317581177, 7.972645044326782, 9.735259532928467]}}}