{"noise_levels": [0.001, 0.005, 0.01, 0.02, 0.03, 0.04, 0.05, 0.06, 0.07, 0.08, 0.09, 0.1, 0.11, 0.12, 0.13, 0.14, 0.15, 0.16, 0.17, 0.18, 0.19, 0.2], "solvers": {"Simulated Annealing": {"accuracy": [1.0, 0.8877551020408163, 0.7959183673469388, 0.7806122448979592, 0.7704081632653061, 0.7908163265306123, 0.7908163265306123, 0.7857142857142857, 0.7857142857142857, 0.7959183673469388, 0.7857142857142857, 0.7806122448979592, 0.7959183673469388, 0.7806122448979592, 0.7857142857142857, 0.7806122448979592, 0.7908163265306123, 0.7653061224489796, 0.7755102040816326, 0.7551020408163265, 0.8061224489795918, 0.7704081632653061], "runtime": [0.5671796798706055, 0.5952341556549072, 0.5881195068359375, 0.6011996269226074, 0.6885185241699219, 0.8311042785644531, 0.7083566188812256, 0.5831549167633057, 0.5879149436950684, 0.5964944362640381, 0.5961625576019287, 0.6045033931732178, 0.601341724395752, 0.6020636558532715, 0.6023995876312256, 0.5958075523376465, 0.5929906368255615, 0.6701216697692871, 0.5996639728546143, 0.5964975357055664, 0.5862686634063721, 0.5975534915924072]}, "Hybrid Solver": {"accuracy": [1.0, 0.8673469387755102, 0.8112244897959183, 0.7704081632653061, 0.8316326530612245, 0.7959183673469388, 0.8010204081632653, 0.7857142857142857, 0.7908163265306123, 0.8214285714285714, 0.8163265306122449, 0.8010204081632653, 0.8163265306122449, 0.8010204081632653, 0.7908163265306123, 0.7908163265306123, 0.8010204081632653, 0.7959183673469388, 0.8214285714285714, 0.8061224489795918, 0.7857142857142857, 0.7806122448979592], "runtime": [18.015350103378296, 17.938760995864868, 17.996696949005127, 18.392552852630615, 16.69078254699707, 16.70692801475525, 16.739473342895508, 17.196120977401733, 16.976455211639404, 16.866806983947754, 17.669434309005737, 20.02922821044922, 17.970588445663452, 17.80277371406555, 17.030720949172974, 16.82448697090149, 16.76346492767334, 16.762673139572144, 16.654508590698242, 54.390422344207764, 16.98078942298889, 16.793124675750732]}, "Quantum Annealing": {"accuracy": [0.9948979591836735, 0.8673469387755102, 0.7755102040816326, 0.7653061224489796, 0.7602040816326531, 0.7959183673469388, 0.7653061224489796, 0.7551020408163265, 0.7448979591836735, 0.7653061224489796, 0.75, 0.7806122448979592, 0.7397959183673469, 0.7908163265306123, 0.7653061224489796, 0.7551020408163265, 0.7857142857142857, 0.7551020408163265, 0.7857142857142857, 0.7755102040816326, 0.7551020408163265, 0.7755102040816326], "runtime": [23.498597145080566, 18.131813764572144, 17.799424171447754, 15.099319219589233, 15.947243928909302, 17.915076971054077, 13.86811089515686, 16.83869457244873, 14.280205011367798, 19.72694444656372, 18.02505898475647, 16.621429443359375, 14.58928370475769, 17.034880876541138, 15.267814636230469, 23.625858783721924, 13.513344764709473, 17.07720160484314, 14.603046655654907, 14.53992223739624, 16.180848360061646, 14.992185831069946]}}}