{
    "noise_levels": [
        0.001,
        0.002,
        0.003,
        0.004,
        0.005,
        0.006,
        0.007,
        0.008,
        0.009,
        0.01
    ],
    "repetitions": 5,
    "solvers": {
        "Simulated Annealing": {
            "accuracy": {
                "0.001": [
                    1.0,
                    1.0,
                    1.0,
                    1.0,
                    1.0
                ],
                "0.002": [
                    0.9489795918367347,
                    0.9948979591836735,
                    0.9795918367346939,
                    0.9693877551020408,
                    1.0
                ],
                "0.003": [
                    0.9489795918367347,
                    0.9132653061224489,
                    0.9285714285714286,
                    0.9591836734693877,
                    0.9336734693877551
                ],
                "0.004": [
                    0.8520408163265306,
                    0.826530612244898,
                    0.8928571428571429,
                    0.8622448979591837,
                    0.8724489795918368
                ],
                "0.005": [
                    0.8622448979591837,
                    0.826530612244898,
                    0.7602040816326531,
                    0.8010204081632653,
                    0.8622448979591837
                ],
                "0.006": [
                    0.8214285714285714,
                    0.8112244897959183,
                    0.8061224489795918,
                    0.8010204081632653,
                    0.8469387755102041
                ],
                "0.007": [
                    0.8520408163265306,
                    0.8571428571428571,
                    0.7908163265306123,
                    0.7704081632653061,
                    0.8673469387755102
                ],
                "0.008": [
                    0.8316326530612245,
                    0.8010204081632653,
                    0.8469387755102041,
                    0.7857142857142857,
                    0.8622448979591837
                ],
                "0.009": [
                    0.8214285714285714,
                    0.8214285714285714,
                    0.7959183673469388,
                    0.7653061224489796,
                    0.8112244897959183
                ],
                "0.01": [
                    0.7857142857142857,
                    0.7908163265306123,
                    0.7806122448979592,
                    0.8061224489795918,
                    0.7857142857142857
                ]
            },
            "runtime": {
                "0.001": [
                    0.6942143440246582,
                    0.8676185607910156,
                    0.7970902919769287,
                    1.0052061080932617,
                    0.7302529811859131
                ],
                "0.002": [
                    0.6628501415252686,
                    0.6531107425689697,
                    0.6748373508453369,
                    0.7814896106719971,
                    0.7517545223236084
                ],
                "0.003": [
                    0.6527717113494873,
                    0.656198263168335,
                    0.6342053413391113,
                    0.8388392925262451,
                    0.6012313365936279
                ],
                "0.004": [
                    0.6045083999633789,
                    0.6255199909210205,
                    0.6095690727233887,
                    0.6522948741912842,
                    0.6402602195739746
                ],
                "0.005": [
                    0.8936402797698975,
                    0.8664021492004395,
                    0.9738028049468994,
                    0.7743146419525146,
                    0.7887871265411377
                ],
                "0.006": [
                    0.5770516395568848,
                    0.7543807029724121,
                    1.0154829025268555,
                    1.0401239395141602,
                    0.5776865482330322
                ],
                "0.007": [
                    0.5668377876281738,
                    0.5749669075012207,
                    0.5683941841125488,
                    0.5914402008056641,
                    0.6071784496307373
                ],
                "0.008": [
                    0.661607027053833,
                    0.5882031917572021,
                    0.6439270973205566,
                    0.6323022842407227,
                    0.6339919567108154
                ],
                "0.009": [
                    0.6010582447052002,
                    0.5840766429901123,
                    0.5980277061462402,
                    0.5772867202758789,
                    0.5814187526702881
                ],
                "0.01": [
                    0.5889813899993896,
                    0.6011552810668945,
                    0.5934755802154541,
                    0.5757656097412109,
                    0.5977573394775391
                ]
            }
        },
        "Hybrid Solver": {
            "accuracy": {
                "0.001": [
                    1.0,
                    1.0,
                    0.9948979591836735,
                    1.0,
                    1.0
                ],
                "0.002": [
                    0.9795918367346939,
                    0.9897959183673469,
                    0.9744897959183674,
                    0.9489795918367347,
                    0.9948979591836735
                ],
                "0.003": [
                    0.9642857142857143,
                    0.9030612244897959,
                    0.9132653061224489,
                    0.9336734693877551,
                    0.9591836734693877
                ],
                "0.004": [
                    0.9387755102040817,
                    0.8571428571428571,
                    0.8520408163265306,
                    0.8571428571428571,
                    0.8469387755102041
                ],
                "0.005": [
                    0.8214285714285714,
                    0.9132653061224489,
                    0.8622448979591837,
                    0.8775510204081632,
                    0.8418367346938775
                ],
                "0.006": [
                    0.8520408163265306,
                    0.8571428571428571,
                    0.8724489795918368,
                    0.8010204081632653,
                    0.8214285714285714
                ],
                "0.007": [
                    0.8112244897959183,
                    0.8061224489795918,
                    0.8214285714285714,
                    0.8316326530612245,
                    0.8418367346938775
                ],
                "0.008": [
                    0.8010204081632653,
                    0.8214285714285714,
                    0.8622448979591837,
                    0.8520408163265306,
                    0.8112244897959183
                ],
                "0.009": [
                    0.8571428571428571,
                    0.8673469387755102,
                    0.7806122448979592,
                    0.7959183673469388,
                    0.826530612244898
                ],
                "0.01": [
                    0.8112244897959183,
                    0.7602040816326531,
                    0.8163265306122449,
                    0.8112244897959183,
                    0.8469387755102041
                ]
            },
            "runtime": {
                "0.001": [
                    16.921940803527832,
                    82.74290776252747,
                    44.20272207260132,
                    16.49154829978943,
                    16.396188020706177
                ],