{"noise_levels": [0.001, 0.002, 0.003, 0.004, 0.005, 0.006, 0.007, 0.008, 0.009, 0.01], "solvers": {"Simulated Annealing": {"accuracy": [1.0, 0.9795918367346939, 0.8673469387755102, 0.8418367346938775, 0.8979591836734694, 0.8673469387755102, 0.7959183673469388, 0.7704081632653061, 0.7959183673469388, 0.8112244897959183], "runtime": [0.5221836566925049, 0.470078706741333, 0.45967817306518555, 0.46018099784851074, 0.5098297595977783, 0.5632050037384033, 0.46230316162109375, 0.4747166633605957, 0.48601317405700684, 0.461961030960083]}, "Hybrid Solver": {"accuracy": [1.0, 0.9540816326530612, 0.8979591836734694, 0.9030612244897959, 0.8673469387755102, 0.8418367346938775, 0.8010204081632653, 0.8316326530612245, 0.7806122448979592, 0.8214285714285714], "runtime": [10.167665958404541, 9.800376653671265, 12.148946762084961, 10.247549295425415, 10.305114269256592, 10.60526180267334, 10.679672956466675, 12.39390516281128, 9.919597864151001, 13.329343795776367]}, "Quantum Annealing": {"accuracy": [0.9846938775510204, 0.9795918367346939, 0.8877551020408163, 0.9030612244897959, 0.8316326530612245, 0.8112244897959183, 0.8163265306122449, 0.7704081632653061, 0.7806122448979592, 0.7704081632653061], "runtime": [14.854636669158936, 8.782946586608887, 7.852715492248535, 8.88581657409668, 7.329554319381714, 12.988264560699463, 6.7305238246917725, 11.186258554458618, 7.921636343002319, 6.7135748863220215]}}}